Model	Accuracy	F1-score	Recall	Precision	AUC
LR	0.830928	0.699634	0.632450	0.782787	0.776555
SVM_linear	0.816495	0.698305	0.682119	0.715278	0.779682
SVM_rbf	0.806186	0.583149	0.435430	0.882550	0.704616
NB	0.611856	0.517617	0.668874	0.422153	0.627476
RF	0.836598	0.689520	0.582781	0.844125	0.767064