" Model"	"Accuracy "	"F1-score "	"Recall "	"Precision "	AUC
"LR+fasttext "	"0.804519 "	"0.821326 "	"0.824494 "	"0.818182 "	0.802547
"SVM+fasttext "	"0.810300 "	"0.825688 "	"0.824494 "	"0.826886 "	0.808898
"NB+fasttext "	"0.693642 "	"0.753280 "	"0.858245 "	"0.671192 "	0.677390
"RF+fasttext "	"0.805570 "	"0.820039 "	"0.812922 "	"0.827282 "	0.804844