" Model"	"Accuracy "	"F1-score "	"Recall "	"Precision "	AUC
"LR+fasttext "	"0.758763 "	"0.468182 "	"0.341060 "	"0.746377 "	0.644332
"SVM+fasttext "	"0.761340 "	"0.465975 "	"0.334437 "	"0.768061 "	0.644389
"NB+fasttext "	"0.588660 "	"0.558140 "	"0.834437 "	"0.419301 "	0.655991
"RF+fasttext "	"0.787629 "	"0.550218 "	"0.417219 "	"0.807692 "	0.686154