Method	Accuracy	F1-score	Recall	Precision	AUC
baseline	0.845876	0.737027	0.693709	0.786116	0.804190
cost sensitive	0.840722	0.743142	0.740066	0.746244	0.813147
oversampling	0.841753	0.742666	0.733444	0.752122	0.812081
undersampling	0.798454	0.710156	0.793046	0.642953	0.796972