Feature,LR,SVM,NB,RF
BOW,69.9634,69.8305,51.7617,68.952
Char n-gram,73.7027,71.0813,46.4539,72.7273
TFIDF word,62.800900000000006,73.28240000000001,43.699,71.8101
TFIDF char,61.1588,71.0623,48.18,68.14519999999999
W2V CBOW,34.6476,14.071900000000001,48.8957,28.4211
W2V skip-gram,26.5092,9.3458,50.2297,26.738
