Model	Accuracy	F1-score	Recall	Precision	AUC
LR+W2V skipgram	0.682882	0.591077	0.537195	0.656972	0.664242
SVC linear+W2V skipgram	0.683923	0.591322	0.535976	0.659415	0.664993
NB+W2V skipgram	0.526535	0.582185	0.773171	0.466863	0.558092
RF+W2V skipgram	0.678200	0.548375	0.457927	0.683348	0.650016
LR+W2V CBOW	0.686004	0.611022	0.578049	0.647984	0.672191
SVC linear+W2V CBOW	0.677940	0.599871	0.565854	0.638239	0.663598
NB+W2V CBOW	0.528616	0.581524	0.767683	0.468030	0.559204
RF+W2V CBOW	0.685224	0.567548	0.484146	0.685665	0.659496